X,Y,track_fid,track_seg_id,track_seg_point_id,ele,time,,,
-114.78365,50.867542,0,0,0,1499.5,4/9/2023,7:03:06 PM,,
-114.78378,50.867527,0,0,1,1500,4/9/2023,7:03:11 PM,0:00:05,1500
-114.78393,50.867546,0,0,2,1500.8,4/9/2023,7:03:19 PM,0:00:13,1500.8
-114.78407,50.86758,0,0,3,1501.7,4/9/2023,7:03:28 PM,0:00:22,1501.7
-114.78422,50.867596,0,0,4,1502.6,4/9/2023,7:03:36 PM,0:00:30,1502.6
-114.78433,50.867653,0,0,5,1503.6,4/9/2023,7:03:44 PM,0:00:38,1503.6
-114.784424,50.867737,0,0,6,1505.2,4/9/2023,7:03:53 PM,0:00:47,1505.2
-114.78446,50.867836,0,0,7,1506.7,4/9/2023,7:04:03 PM,0:00:57,1506.7
-114.7846,50.867878,0,0,8,1508.1,4/9/2023,7:04:28 PM,0:01:22,1508.1
-114.784744,50.8679,0,0,9,1509.2,4/9/2023,7:04:35 PM,0:01:29,1509.2
-114.78488,50.86795,0,0,10,1510.4,4/9/2023,7:04:43 PM,0:01:37,1510.4
-114.78502,50.867924,0,0,11,1511.5,4/9/2023,7:04:50 PM,0:01:44,1511.5
-114.78516,50.86789,0,0,12,1512.4,4/9/2023,7:04:58 PM,0:01:52,1512.4
-114.785286,50.86784,0,0,13,1513.1,4/9/2023,7:05:05 PM,0:01:59,1513.1
-114.78542,50.867786,0,0,14,1513.5,4/9/2023,7:05:14 PM,0:02:08,1513.5
-114.78556,50.867775,0,0,15,1513.5,4/9/2023,7:05:22 PM,0:02:16,1513.5
-114.78569,50.867733,0,0,16,1513.4,4/9/2023,7:05:33 PM,0:02:27,1513.4
-114.78581,50.867676,0,0,17,1513.2,4/9/2023,7:05:44 PM,0:02:38,1513.2
-114.78596,50.86765,0,0,18,1513,4/9/2023,7:05:52 PM,0:02:46,1513
-114.78609,50.8676,0,0,19,1512.8,4/9/2023,7:05:58 PM,0:02:52,1512.8
-114.7862,50.86754,0,0,20,1512.8,4/9/2023,7:06:03 PM,0:02:57,1512.8
-114.78637,50.86749,0,0,21,1512.7,4/9/2023,7:06:10 PM,0:03:04,1512.7
-114.7865,50.867443,0,0,22,1512.9,4/9/2023,7:06:16 PM,0:03:10,1512.9
-114.78663,50.86739,0,0,23,1513.4,4/9/2023,7:06:28 PM,0:03:22,1513.4
-114.78675,50.86734,0,0,24,1514,4/9/2023,7:06:35 PM,0:03:29,1514
-114.78688,50.867287,0,0,25,1514.8,4/9/2023,7:06:43 PM,0:03:37,1514.8
-114.78702,50.867233,0,0,26,1515.7,4/9/2023,7:06:50 PM,0:03:44,1515.7
-114.78713,50.8673,0,0,27,1516.8,4/9/2023,7:07:06 PM,0:04:00,1516.8
-114.787285,50.867325,0,0,28,1518,4/9/2023,7:07:21 PM,0:04:15,1518
-114.78733,50.86741,0,0,29,1519,4/9/2023,7:07:40 PM,0:04:34,1519
-114.78719,50.867447,0,0,30,1520,4/9/2023,7:08:06 PM,0:05:00,1520
-114.78707,50.867493,0,0,31,1521,4/9/2023,7:08:15 PM,0:05:09,1521
-114.78695,50.867554,0,0,32,1521.9,4/9/2023,7:08:32 PM,0:05:26,1521.9
-114.786835,50.86762,0,0,33,1522.5,4/9/2023,7:08:42 PM,0:05:36,1522.5
-114.786964,50.867565,0,0,34,1523.2,4/9/2023,7:09:20 PM,0:06:14,1523.2
-114.787094,50.867516,0,0,35,1523.5,4/9/2023,7:09:30 PM,0:06:24,1523.5
-114.787224,50.86746,0,0,36,1523.8,4/9/2023,7:09:39 PM,0:06:33,1523.8
-114.78736,50.86742,0,0,37,1524.4,4/9/2023,7:09:47 PM,0:06:41,1524.4
-114.78751,50.867424,0,0,38,1525,4/9/2023,7:10:07 PM,0:07:01,1525
-114.78766,50.867443,0,0,39,1525.6,4/9/2023,7:10:28 PM,0:07:22,1525.6
-114.78781,50.86744,0,0,40,1526.7,4/9/2023,7:10:45 PM,0:07:39,1526.7
-114.787926,50.867504,0,0,41,1528.2,4/9/2023,7:11:44 PM,0:08:38,1528.2
-114.78785,50.86758,0,0,42,1530.1,4/9/2023,7:11:56 PM,0:08:50,1530.1
-114.78774,50.867657,0,0,43,1532.4,4/9/2023,7:12:10 PM,0:09:04,1532.4
-114.78763,50.867725,0,0,44,1534.9,4/9/2023,7:12:24 PM,0:09:18,1534.9
-114.78755,50.867813,0,0,45,1537.7,4/9/2023,7:12:36 PM,0:09:30,1537.7
-114.78744,50.86787,0,0,46,1541,4/9/2023,7:12:48 PM,0:09:42,1541
-114.787346,50.86795,0,0,47,1544.5,4/9/2023,7:13:07 PM,0:10:01,1544.5
-114.78741,50.86804,0,0,48,1547.9,4/9/2023,7:13:20 PM,0:10:14,1547.9
-114.78739,50.868126,0,0,49,1551.4,4/9/2023,7:13:35 PM,0:10:29,1551.4
-114.78731,50.868206,0,0,50,1554.8,4/9/2023,7:13:49 PM,0:10:43,1554.8
-114.787186,50.868256,0,0,51,1558.3,4/9/2023,7:14:36 PM,0:11:30,1558.3
-114.78705,50.868305,0,0,52,1561.6,4/9/2023,7:14:53 PM,0:11:47,1561.6
-114.78699,50.86839,0,0,53,1564.8,4/9/2023,7:15:07 PM,0:12:01,1564.8
-114.78698,50.868484,0,0,54,1567.9,4/9/2023,7:15:46 PM,0:12:40,1567.9
-114.78699,50.868576,0,0,55,1570.8,4/9/2023,7:15:58 PM,0:12:52,1570.8
-114.78702,50.868668,0,0,56,1573.4,4/9/2023,7:16:10 PM,0:13:04,1573.4
-114.78703,50.868755,0,0,57,1575.5,4/9/2023,7:16:23 PM,0:13:17,1575.5
-114.786995,50.868847,0,0,58,1577.8,4/9/2023,7:16:39 PM,0:13:33,1577.8
-114.78699,50.868942,0,0,59,1580,4/9/2023,7:17:09 PM,0:14:03,1580
-114.78696,50.869034,0,0,60,1582.2,4/9/2023,7:17:22 PM,0:14:16,1582.2
-114.786995,50.869118,0,0,61,1584.4,4/9/2023,7:17:43 PM,0:14:37,1584.4
-114.78704,50.869205,0,0,62,1586.5,4/9/2023,7:17:56 PM,0:14:50,1586.5
-114.78704,50.8693,0,0,63,1588.5,4/9/2023,7:18:10 PM,0:15:04,1588.5
-114.78709,50.869408,0,0,64,1590.4,4/9/2023,7:19:14 PM,0:16:08,1590.4
-114.787056,50.8695,0,0,65,1592.1,4/9/2023,7:19:26 PM,0:16:20,1592.1
-114.78706,50.86959,0,0,66,1593.7,4/9/2023,7:19:38 PM,0:16:32,1593.7
-114.787,50.86968,0,0,67,1595.5,4/9/2023,7:19:50 PM,0:16:44,1595.5
-114.78704,50.869766,0,0,68,1597.2,4/9/2023,7:20:03 PM,0:16:57,1597.2
-114.7871,50.869854,0,0,69,1598.8,4/9/2023,7:20:16 PM,0:17:10,1598.8
-114.78717,50.869938,0,0,70,1600.5,4/9/2023,7:20:26 PM,0:17:20,1600.5
-114.787224,50.87002,0,0,71,1601.9,4/9/2023,7:20:36 PM,0:17:30,1601.9
-114.78725,50.870125,0,0,72,1603.4,4/9/2023,7:20:51 PM,0:17:45,1603.4
-114.78731,50.87021,0,0,73,1604.6,4/9/2023,7:21:02 PM,0:17:56,1604.6
-114.78737,50.870293,0,0,74,1605.8,4/9/2023,7:21:12 PM,0:18:06,1605.8
-114.78739,50.870384,0,0,75,1607.1,4/9/2023,7:21:25 PM,0:18:19,1607.1
-114.78746,50.87047,0,0,76,1608.3,4/9/2023,7:21:35 PM,0:18:29,1608.3
-114.78748,50.87057,0,0,77,1609.5,4/9/2023,7:21:48 PM,0:18:42,1609.5
-114.787605,50.870617,0,0,78,1610.6,4/9/2023,7:22:02 PM,0:18:56,1610.6
-114.78763,50.87071,0,0,79,1611.8,4/9/2023,7:22:14 PM,0:19:08,1611.8
-114.78773,50.870773,0,0,80,1612.9,4/9/2023,7:22:26 PM,0:19:20,1612.9
-114.78783,50.870846,0,0,81,1614,4/9/2023,7:22:38 PM,0:19:32,1614
-114.787895,50.87093,0,0,82,1615.2,4/9/2023,7:22:50 PM,0:19:44,1615.2
-114.78794,50.871017,0,0,83,1616.4,4/9/2023,7:23:02 PM,0:19:56,1616.4
-114.78801,50.871098,0,0,84,1617.6,4/9/2023,7:23:13 PM,0:20:07,1617.6
-114.78811,50.871162,0,0,85,1618.9,4/9/2023,7:23:24 PM,0:20:18,1618.9
-114.788155,50.871258,0,0,86,1620.4,4/9/2023,7:23:36 PM,0:20:30,1620.4
-114.78826,50.87132,0,0,87,1622.2,4/9/2023,7:23:47 PM,0:20:41,1622.2
-114.78835,50.87139,0,0,88,1624.1,4/9/2023,7:23:57 PM,0:20:51,1624.1
-114.78847,50.871445,0,0,89,1625.9,4/9/2023,7:24:07 PM,0:21:01,1625.9
-114.788605,50.8715,0,0,90,1627.9,4/9/2023,7:24:19 PM,0:21:13,1627.9
-114.78865,50.871582,0,0,91,1630,4/9/2023,7:24:34 PM,0:21:28,1630
-114.78874,50.871662,0,0,92,1632,4/9/2023,7:24:44 PM,0:21:38,1632
-114.78883,50.871742,0,0,93,1634,4/9/2023,7:25:00 PM,0:21:54,1634
-114.788956,50.871784,0,0,94,1636,4/9/2023,7:25:13 PM,0:22:07,1636
-114.78901,50.871872,0,0,95,1638,4/9/2023,7:25:24 PM,0:22:18,1638
-114.78911,50.87195,0,0,96,1639.9,4/9/2023,7:25:35 PM,0:22:29,1639.9
-114.78919,50.87203,0,0,97,1641.5,4/9/2023,7:25:44 PM,0:22:38,1641.5
-114.78926,50.872112,0,0,98,1642.7,4/9/2023,7:25:52 PM,0:22:46,1642.7
-114.78932,50.872196,0,0,99,1643.9,4/9/2023,7:26:01 PM,0:22:55,1643.9
-114.789406,50.87228,0,0,100,1645.2,4/9/2023,7:26:10 PM,0:23:04,1645.2
-114.789505,50.87235,0,0,101,1646.4,4/9/2023,7:26:27 PM,0:23:21,1646.4
-114.78959,50.872425,0,0,102,1647.6,4/9/2023,7:26:45 PM,0:23:39,1647.6
-114.78966,50.87251,0,0,103,1648.9,4/9/2023,7:27:03 PM,0:23:57,1648.9
-114.78976,50.8726,0,0,104,1650.2,4/9/2023,7:29:03 PM,0:25:57,1650.2
-114.789825,50.872684,0,0,105,1651.2,4/9/2023,7:29:15 PM,0:26:09,1651.2
-114.789894,50.872765,0,0,106,1652.2,4/9/2023,7:29:27 PM,0:26:21,1652.2
-114.78999,50.872833,0,0,107,1653.4,4/9/2023,7:29:37 PM,0:26:31,1653.4
-114.79006,50.872913,0,0,108,1654.7,4/9/2023,7:30:00 PM,0:26:54,1654.7
-114.790085,50.87301,0,0,109,1656.2,4/9/2023,7:30:11 PM,0:27:05,1656.2
-114.7902,50.873066,0,0,110,1657.6,4/9/2023,7:30:21 PM,0:27:15,1657.6
-114.79026,50.873146,0,0,111,1659,4/9/2023,7:30:31 PM,0:27:25,1659
-114.79031,50.873234,0,0,112,1660.5,4/9/2023,7:30:39 PM,0:27:33,1660.5
-114.7904,50.873314,0,0,113,1661.9,4/9/2023,7:30:56 PM,0:27:50,1661.9
-114.790405,50.873413,0,0,114,1663.5,4/9/2023,7:31:06 PM,0:28:00,1663.5
-114.79043,50.873505,0,0,115,1664.9,4/9/2023,7:31:14 PM,0:28:08,1664.9
-114.79051,50.87358,0,0,116,1666.6,4/9/2023,7:31:26 PM,0:28:20,1666.6
-114.79054,50.87367,0,0,117,1668.5,4/9/2023,7:31:36 PM,0:28:30,1668.5
-114.79056,50.87376,0,0,118,1670.3,4/9/2023,7:31:47 PM,0:28:41,1670.3
-114.79062,50.873848,0,0,119,1672.1,4/9/2023,7:31:58 PM,0:28:52,1672.1
-114.79073,50.873917,0,0,120,1673.8,4/9/2023,7:32:11 PM,0:29:05,1673.8
-114.79079,50.873997,0,0,121,1675.6,4/9/2023,7:32:21 PM,0:29:15,1675.6
-114.790825,50.874084,0,0,122,1677.5,4/9/2023,7:32:34 PM,0:29:28,1677.5
-114.79089,50.874176,0,0,123,1679.1,4/9/2023,7:32:46 PM,0:29:40,1679.1
-114.79098,50.87426,0,0,124,1680.5,4/9/2023,7:32:59 PM,0:29:53,1680.5
-114.79104,50.874348,0,0,125,1682.1,4/9/2023,7:33:11 PM,0:30:05,1682.1
-114.79111,50.874428,0,0,126,1683.7,4/9/2023,7:33:21 PM,0:30:15,1683.7
-114.79117,50.87452,0,0,127,1685.5,4/9/2023,7:33:32 PM,0:30:26,1685.5
-114.79123,50.87461,0,0,128,1687.2,4/9/2023,7:33:42 PM,0:30:36,1687.2
-114.79126,50.874702,0,0,129,1688.9,4/9/2023,7:35:37 PM,0:32:31,1688.9
-114.791245,50.874794,0,0,130,1690.7,4/9/2023,7:35:48 PM,0:32:42,1690.7
-114.79126,50.87489,0,0,131,1692.6,4/9/2023,7:36:01 PM,0:32:55,1692.6
-114.7913,50.874985,0,0,132,1694.5,4/9/2023,7:36:14 PM,0:33:08,1694.5
-114.79128,50.875084,0,0,133,1696.4,4/9/2023,7:36:27 PM,0:33:21,1696.4
-114.79133,50.87518,0,0,134,1698.3,4/9/2023,7:36:37 PM,0:33:31,1698.3
-114.79133,50.87527,0,0,135,1700.2,4/9/2023,7:36:46 PM,0:33:40,1700.2
-114.791336,50.87537,0,0,136,1701.9,4/9/2023,7:36:56 PM,0:33:50,1701.9
-114.791405,50.875465,0,0,137,1703.5,4/9/2023,7:37:06 PM,0:34:00,1703.5
-114.79141,50.875565,0,0,138,1705.1,4/9/2023,7:37:17 PM,0:34:11,1705.1
-114.7915,50.87564,0,0,139,1706.6,4/9/2023,7:37:24 PM,0:34:18,1706.6
-114.79154,50.87573,0,0,140,1708.1,4/9/2023,7:37:35 PM,0:34:29,1708.1
-114.79149,50.87582,0,0,141,1709.5,4/9/2023,7:37:45 PM,0:34:39,1709.5
-114.79151,50.875908,0,0,142,1710.7,4/9/2023,7:37:55 PM,0:34:49,1710.7
-114.791565,50.875996,0,0,143,1712.1,4/9/2023,7:38:05 PM,0:34:59,1712.1
-114.79168,50.87607,0,0,144,1713.3,4/9/2023,7:38:15 PM,0:35:09,1713.3
-114.79175,50.876152,0,0,145,1714.5,4/9/2023,7:38:24 PM,0:35:18,1714.5
-114.7918,50.87624,0,0,146,1715.9,4/9/2023,7:38:35 PM,0:35:29,1715.9
-114.79182,50.87633,0,0,147,1717.5,4/9/2023,7:38:44 PM,0:35:38,1717.5
-114.79184,50.876427,0,0,148,1719.5,4/9/2023,7:38:54 PM,0:35:48,1719.5
-114.79183,50.87653,0,0,149,1721.4,4/9/2023,7:39:09 PM,0:36:03,1721.4
-114.79191,50.87661,0,0,150,1723.2,4/9/2023,7:39:17 PM,0:36:11,1723.2
-114.79204,50.876667,0,0,151,1725,4/9/2023,7:39:27 PM,0:36:21,1725
-114.79212,50.876778,0,0,152,1726.8,4/9/2023,7:39:38 PM,0:36:32,1726.8
-114.79221,50.876858,0,0,153,1728.7,4/9/2023,7:40:05 PM,0:36:59,1728.7
-114.79226,50.87695,0,0,154,1730.6,4/9/2023,7:40:18 PM,0:37:12,1730.6
-114.79229,50.877045,0,0,155,1732.7,4/9/2023,7:40:30 PM,0:37:24,1732.7
-114.79235,50.87713,0,0,156,1734.8,4/9/2023,7:40:37 PM,0:37:31,1734.8
-114.79245,50.877193,0,0,157,1737,4/9/2023,7:40:47 PM,0:37:41,1737
-114.79246,50.877285,0,0,158,1739,4/9/2023,7:41:01 PM,0:37:55,1739
-114.79245,50.87738,0,0,159,1740.9,4/9/2023,7:41:26 PM,0:38:20,1740.9
-114.792564,50.87745,0,0,160,1742.9,4/9/2023,7:41:40 PM,0:38:34,1742.9
-114.7927,50.8775,0,0,161,1745.1,4/9/2023,7:41:53 PM,0:38:47,1745.1
-114.79281,50.877567,0,0,162,1747.5,4/9/2023,7:42:07 PM,0:39:01,1747.5
-114.79288,50.877655,0,0,163,1750,4/9/2023,7:42:20 PM,0:39:14,1750
-114.79294,50.877743,0,0,164,1752.7,4/9/2023,7:46:53 PM,0:43:47,1752.7
-114.79302,50.877827,0,0,165,1755.5,4/9/2023,7:47:08 PM,0:44:02,1755.5
-114.79312,50.877895,0,0,166,1758.5,4/9/2023,7:47:28 PM,0:44:22,1758.5
-114.793205,50.87797,0,0,167,1761.5,4/9/2023,7:47:40 PM,0:44:34,1761.5
-114.79324,50.87806,0,0,168,1764.5,4/9/2023,7:47:55 PM,0:44:49,1764.5
-114.793304,50.878162,0,0,169,1767.5,4/9/2023,7:48:10 PM,0:45:04,1767.5
-114.793396,50.87825,0,0,170,1770.5,4/9/2023,7:48:26 PM,0:45:20,1770.5
-114.79341,50.87834,0,0,171,1773.4,4/9/2023,7:48:37 PM,0:45:31,1773.4
-114.793526,50.8784,0,0,172,1776.2,4/9/2023,7:48:54 PM,0:45:48,1776.2
-114.793625,50.878464,0,0,173,1778.9,4/9/2023,7:49:06 PM,0:46:00,1778.9
-114.79376,50.87851,0,0,174,1781.5,4/9/2023,7:49:18 PM,0:46:12,1781.5
-114.79391,50.87853,0,0,175,1784.2,4/9/2023,7:49:34 PM,0:46:28,1784.2
-114.79402,50.878593,0,0,176,1787,4/9/2023,7:49:49 PM,0:46:43,1787
-114.79413,50.87866,0,0,177,1790,4/9/2023,7:50:08 PM,0:47:02,1790
-114.79429,50.878677,0,0,178,1793.1,4/9/2023,7:50:47 PM,0:47:41,1793.1
-114.79443,50.8787,0,0,179,1795.9,4/9/2023,7:51:02 PM,0:47:56,1795.9
-114.79456,50.87875,0,0,180,1798.9,4/9/2023,7:51:14 PM,0:48:08,1798.9
-114.7947,50.878803,0,0,181,1802,4/9/2023,7:51:31 PM,0:48:25,1802
-114.79482,50.878853,0,0,182,1805.2,4/9/2023,7:51:55 PM,0:48:49,1805.2
-114.79498,50.878872,0,0,183,1808.5,4/9/2023,7:53:15 PM,0:50:09,1808.5
-114.7951,50.878807,0,0,184,1811.8,4/9/2023,7:54:46 PM,0:51:40,1811.8
-114.79522,50.87887,0,0,185,1815.4,4/9/2023,7:55:03 PM,0:51:57,1815.4
-114.79533,50.87893,0,0,186,1818.9,4/9/2023,7:55:27 PM,0:52:21,1818.9
-114.79545,50.878983,0,0,187,1822.2,4/9/2023,7:55:45 PM,0:52:39,1822.2
-114.79557,50.879032,0,0,188,1823.7,4/9/2023,7:55:55 PM,0:52:49,1823.7
-114.79571,50.87901,0,0,189,1825.1,4/9/2023,7:56:06 PM,0:53:00,1825.1
-114.79583,50.87906,0,0,190,1826.9,4/9/2023,7:56:25 PM,0:53:19,1826.9
-114.79595,50.87911,0,0,191,1828.6,4/9/2023,7:56:49 PM,0:53:43,1828.6
-114.79602,50.879116,0,0,192,1830.2,4/9/2023,7:57:22 PM,0:54:16,1830.2
-114.796,50.879105,0,1,0,1844,4/9/2023,7:58:52 PM,0:55:46,1844
-114.79608,50.879154,0,1,1,1844,4/9/2023,7:58:59 PM,0:55:53,1844
-114.796234,50.879158,0,1,2,1844,4/9/2023,7:59:18 PM,0:56:12,1844
-114.79637,50.879215,0,1,3,1844,4/9/2023,7:59:45 PM,0:56:39,1844
-114.79641,50.879276,0,1,4,1844,4/9/2023,8:00:01 PM,0:56:55,1844
-114.79642,50.879246,0,2,0,1857,4/9/2023,8:02:50 PM,0:59:44,1857
-114.79648,50.879284,0,2,1,1858.9,4/9/2023,8:02:56 PM,0:59:50,1858.9
-114.796555,50.87936,0,2,2,1860.5,4/9/2023,8:03:11 PM,1:00:05,1860.5
-114.79665,50.879433,0,2,3,1860.5,4/9/2023,8:03:24 PM,1:00:18,1860.5
-114.796776,50.87949,0,2,4,1860.5,4/9/2023,8:03:39 PM,1:00:33,1860.5
-114.79692,50.8795,0,2,5,1860.5,4/9/2023,8:03:56 PM,1:00:50,1860.5
-114.797066,50.879486,0,2,6,1862,4/9/2023,8:04:12 PM,1:01:06,1862
-114.79714,50.879498,0,2,7,1863.7,4/9/2023,8:04:23 PM,1:01:17,1863.7
-114.79711,50.879463,0,3,0,1881.3,4/9/2023,8:04:47 PM,1:01:41,1881.3
-114.79722,50.879482,0,3,1,1883,4/9/2023,8:04:54 PM,1:01:48,1883
-114.797356,50.87951,0,3,2,1884.5,4/9/2023,8:05:08 PM,1:02:02,1884.5
-114.797485,50.879467,0,3,3,1884.5,4/9/2023,8:05:20 PM,1:02:14,1884.5
-114.79764,50.87944,0,3,4,1884.5,4/9/2023,8:05:38 PM,1:02:32,1884.5
-114.79778,50.87945,0,3,5,1884.5,4/9/2023,8:05:50 PM,1:02:44,1884.5
-114.79791,50.879395,0,3,6,1886.4,4/9/2023,8:06:04 PM,1:02:58,1886.4
-114.798035,50.87939,0,3,7,1888.5,4/9/2023,8:06:23 PM,1:03:17,1888.5
-114.79808,50.879375,0,4,0,1894.8,4/9/2023,8:06:48 PM,1:03:42,1894.8
-114.79821,50.87938,0,4,1,1894.8,4/9/2023,8:07:11 PM,1:04:05,1894.8
-114.79831,50.879314,0,4,2,1894.8,4/9/2023,8:07:29 PM,1:04:23,1894.8
-114.79826,50.87928,0,4,3,1894.8,4/9/2023,8:07:38 PM,1:04:32,1894.8
-114.79838,50.87933,0,5,0,1906.5,4/9/2023,8:12:51 PM,1:09:45,1906.5
-114.798416,50.87938,0,5,1,1908.4,4/9/2023,8:13:04 PM,1:09:58,1908.4
-114.79848,50.879463,0,5,2,1909.9,4/9/2023,8:13:25 PM,1:10:19,1909.9
-114.7985,50.879555,0,5,3,1911,4/9/2023,8:13:45 PM,1:10:39,1911
-114.79863,50.87961,0,5,4,1911,4/9/2023,8:14:00 PM,1:10:54,1911
-114.79876,50.879646,0,5,5,1911,4/9/2023,8:14:24 PM,1:11:18,1911
-114.79886,50.87972,0,5,6,1912.9,4/9/2023,8:14:54 PM,1:11:48,1912.9
-114.799,50.879723,0,5,7,1914.7,4/9/2023,8:15:41 PM,1:12:35,1914.7
-114.799,50.879715,0,5,8,1916.3,4/9/2023,8:15:50 PM,1:12:44,1916.3
-114.79902,50.879704,0,6,0,1927.8,4/9/2023,8:18:00 PM,1:14:54,1927.8
-114.79905,50.87981,0,6,1,1929.9,4/9/2023,8:18:34 PM,1:15:28,1929.9
-114.79918,50.879845,0,6,2,1931.9,4/9/2023,8:18:55 PM,1:15:49,1931.9
-114.799324,50.87989,0,6,3,1933.8,4/9/2023,8:19:13 PM,1:16:07,1933.8
-114.79939,50.87997,0,6,4,1935.4,4/9/2023,8:19:27 PM,1:16:21,1935.4
-114.79943,50.88006,0,6,5,1936.9,4/9/2023,8:19:49 PM,1:16:43,1936.9
-114.79947,50.880154,0,6,6,1940.1,4/9/2023,8:20:51 PM,1:17:45,1940.1
-114.79954,50.880238,0,6,7,1943.1,4/9/2023,8:21:07 PM,1:18:01,1943.1
-114.799614,50.880325,0,6,8,1946.3,4/9/2023,8:21:21 PM,1:18:15,1946.3
-114.79971,50.88039,0,6,9,1949.4,4/9/2023,8:22:35 PM,1:19:29,1949.4
-114.79986,50.88041,0,6,10,1952.2,4/9/2023,8:22:51 PM,1:19:45,1952.2
-114.799934,50.88049,0,6,11,1954.8,4/9/2023,8:23:12 PM,1:20:06,1954.8
-114.8,50.88057,0,6,12,1957.4,4/9/2023,8:25:05 PM,1:21:59,1957.4
-114.80008,50.88065,0,6,13,1959.8,4/9/2023,8:25:35 PM,1:22:29,1959.8
-114.80023,50.880672,0,6,14,1962.3,4/9/2023,8:25:48 PM,1:22:42,1962.3
-114.80033,50.88074,0,6,15,1965.1,4/9/2023,8:26:22 PM,1:23:16,1965.1
-114.800385,50.880825,0,6,16,1968.1,4/9/2023,8:28:57 PM,1:25:51,1968.1
-114.80049,50.880894,0,6,17,1971.3,4/9/2023,8:29:11 PM,1:26:05,1971.3
-114.800606,50.88096,0,6,18,1974.5,4/9/2023,8:29:24 PM,1:26:18,1974.5
-114.80075,50.880966,0,6,19,1977.7,4/9/2023,8:29:38 PM,1:26:32,1977.7
-114.8009,50.881016,0,6,20,1981.2,4/9/2023,8:33:13 PM,1:30:07,1981.2
-114.80101,50.881077,0,6,21,1984.7,4/9/2023,8:33:18 PM,1:30:12,1984.7
-114.80111,50.881145,0,6,22,1988.5,4/9/2023,8:33:23 PM,1:30:17,1988.5
-114.801254,50.881138,0,6,23,1992.5,4/9/2023,8:33:28 PM,1:30:22,1992.5
-114.801315,50.88122,0,6,24,1996.6,4/9/2023,8:35:06 PM,1:32:00,1996.6
-114.80134,50.881317,0,6,25,2001,4/9/2023,8:35:21 PM,1:32:15,2001
-114.801346,50.881435,0,6,26,2005.4,4/9/2023,8:35:40 PM,1:32:34,2005.4
-114.80146,50.881493,0,6,27,2010.1,4/9/2023,8:35:58 PM,1:32:52,2010.1
-114.801544,50.881577,0,6,28,2014.9,4/9/2023,8:36:18 PM,1:33:12,2014.9
-114.80168,50.881607,0,6,29,2019.5,4/9/2023,8:36:41 PM,1:33:35,2019.5
-114.80177,50.881687,0,6,30,2024.3,4/9/2023,8:37:08 PM,1:34:02,2024.3
-114.80192,50.88168,0,6,31,2029,4/9/2023,8:37:29 PM,1:34:23,2029
-114.80213,50.881733,0,6,32,2033.8,4/9/2023,8:38:07 PM,1:35:01,2033.8
-114.80227,50.881763,0,6,33,2038.2,4/9/2023,8:38:38 PM,1:35:32,2038.2
-114.80235,50.881676,0,6,34,2042.5,4/9/2023,8:39:55 PM,1:36:49,2042.5
-114.80247,50.881752,0,6,35,2046.5,4/9/2023,8:40:25 PM,1:37:19,2046.5
-114.802605,50.88172,0,6,36,2050.5,4/9/2023,8:40:46 PM,1:37:40,2050.5
-114.80276,50.88169,0,6,37,2054.4,4/9/2023,8:41:15 PM,1:38:09,2054.4
-114.80287,50.881622,0,6,38,2057.7,4/9/2023,8:41:26 PM,1:38:20,2057.7
-114.80302,50.881588,0,6,39,2060.9,4/9/2023,8:42:49 PM,1:39:43,2060.9
-114.80316,50.88157,0,6,40,2064.3,4/9/2023,8:43:11 PM,1:40:05,2064.3
-114.80331,50.88158,0,6,41,2067.4,4/9/2023,8:43:40 PM,1:40:34,2067.4
-114.80342,50.881638,0,6,42,2070.1,4/9/2023,8:44:06 PM,1:41:00,2070.1
-114.80355,50.881603,0,6,43,2072.5,4/9/2023,8:44:21 PM,1:41:15,2072.5
-114.80368,50.881645,0,6,44,2074.7,4/9/2023,8:44:43 PM,1:41:37,2074.7
-114.80382,50.881702,0,6,45,2077,4/9/2023,8:44:55 PM,1:41:49,2077
-114.80393,50.881752,0,6,46,2079.2,4/9/2023,8:45:15 PM,1:42:09,2079.2
-114.80403,50.88182,0,6,47,2081.1,4/9/2023,8:45:33 PM,1:42:27,2081.1
-114.80418,50.88185,0,6,48,2082.8,4/9/2023,8:45:49 PM,1:42:43,2082.8
-114.80427,50.881935,0,6,49,2084.5,4/9/2023,8:46:05 PM,1:42:59,2084.5
-114.804276,50.882042,0,6,50,2086,4/9/2023,8:47:33 PM,1:44:27,2086
-114.80426,50.88213,0,6,51,2087.4,4/9/2023,8:47:45 PM,1:44:39,2087.4
-114.80423,50.88223,0,6,52,2088.7,4/9/2023,8:47:57 PM,1:44:51,2088.7
-114.80419,50.882317,0,6,53,2090.2,4/9/2023,8:48:11 PM,1:45:05,2090.2
-114.80422,50.882404,0,6,54,2091.8,4/9/2023,8:48:24 PM,1:45:18,2091.8
-114.80422,50.882496,0,6,55,2093.5,4/9/2023,8:48:35 PM,1:45:29,2093.5
-114.80422,50.88259,0,6,56,2095.2,4/9/2023,8:48:49 PM,1:45:43,2095.2
-114.80427,50.882683,0,6,57,2096.8,4/9/2023,8:49:00 PM,1:45:54,2096.8
-114.804276,50.88278,0,6,58,2098.5,4/9/2023,8:49:12 PM,1:46:06,2098.5
-114.80431,50.882877,0,6,59,2100.1,4/9/2023,8:49:24 PM,1:46:18,2100.1
-114.80433,50.88297,0,6,60,2101.7,4/9/2023,8:49:58 PM,1:46:52,2101.7
-114.804344,50.883068,0,6,61,2103.4,4/9/2023,8:50:12 PM,1:47:06,2103.4
-114.80437,50.883167,0,6,62,2105,4/9/2023,8:50:39 PM,1:47:33,2105
-114.80437,50.883263,0,6,63,2106.5,4/9/2023,8:51:06 PM,1:48:00,2106.5
-114.80438,50.883354,0,6,64,2107.9,4/9/2023,8:51:19 PM,1:48:13,2107.9
-114.804375,50.883442,0,6,65,2109.3,4/9/2023,8:51:49 PM,1:48:43,2109.3
-114.804405,50.883533,0,6,66,2110.6,4/9/2023,8:52:03 PM,1:48:57,2110.6
-114.80442,50.883625,0,6,67,2111.9,4/9/2023,8:52:18 PM,1:49:12,2111.9
-114.80446,50.883713,0,6,68,2113.2,4/9/2023,8:52:29 PM,1:49:23,2113.2
-114.8045,50.8838,0,6,69,2114.4,4/9/2023,8:52:42 PM,1:49:36,2114.4
-114.80456,50.88388,0,6,70,2115.6,4/9/2023,8:53:08 PM,1:50:02,2115.6
-114.80462,50.883965,0,6,71,2117,4/9/2023,8:53:19 PM,1:50:13,2117
-114.80469,50.884045,0,6,72,2118.5,4/9/2023,8:53:31 PM,1:50:25,2118.5
-114.804756,50.884125,0,6,73,2120.1,4/9/2023,8:53:41 PM,1:50:35,2120.1
-114.80476,50.884224,0,6,74,2122,4/9/2023,8:54:35 PM,1:51:29,2122
-114.80477,50.88433,0,6,75,2124,4/9/2023,8:54:48 PM,1:51:42,2124
-114.8048,50.884422,0,6,76,2126.1,4/9/2023,8:55:01 PM,1:51:55,2126.1
-114.80481,50.884518,0,6,77,2128.4,4/9/2023,8:55:13 PM,1:52:07,2128.4
-114.80481,50.884605,0,6,78,2130.6,4/9/2023,8:55:23 PM,1:52:17,2130.6
-114.804794,50.884697,0,6,79,2132.9,4/9/2023,8:55:33 PM,1:52:27,2132.9
-114.8048,50.88479,0,6,80,2135.2,4/9/2023,8:55:45 PM,1:52:39,2135.2
-114.80478,50.88488,0,6,81,2137.3,4/9/2023,8:55:56 PM,1:52:50,2137.3
-114.804756,50.884975,0,6,82,2139.4,4/9/2023,8:56:08 PM,1:53:02,2139.4
-114.804756,50.885067,0,6,83,2141.4,4/9/2023,8:56:21 PM,1:53:15,2141.4
-114.80475,50.885166,0,6,84,2143.3,4/9/2023,8:56:36 PM,1:53:30,2143.3
-114.80472,50.88526,0,6,85,2145.1,4/9/2023,8:56:47 PM,1:53:41,2145.1
-114.804665,50.88535,0,6,86,2147,4/9/2023,8:57:02 PM,1:53:56,2147
-114.80464,50.88544,0,6,87,2149,4/9/2023,8:57:15 PM,1:54:09,2149
-114.804634,50.885532,0,6,88,2150.9,4/9/2023,8:57:45 PM,1:54:39,2150.9
-114.80463,50.885628,0,6,89,2153,4/9/2023,8:57:59 PM,1:54:53,2153
-114.80463,50.88572,0,6,90,2155,4/9/2023,8:58:13 PM,1:55:07,2155
-114.80465,50.88582,0,6,91,2157.1,4/9/2023,8:58:25 PM,1:55:19,2157.1
-114.80467,50.885906,0,6,92,2159.3,4/9/2023,8:58:36 PM,1:55:30,2159.3
-114.80469,50.886005,0,6,93,2161.5,4/9/2023,8:58:48 PM,1:55:42,2161.5
-114.80474,50.886097,0,6,94,2163.5,4/9/2023,8:58:59 PM,1:55:53,2163.5
-114.80476,50.886185,0,6,95,2165.5,4/9/2023,8:59:19 PM,1:56:13,2165.5
-114.80483,50.886272,0,6,96,2167.5,4/9/2023,8:59:32 PM,1:56:26,2167.5
-114.80491,50.886356,0,6,97,2169.2,4/9/2023,8:59:43 PM,1:56:37,2169.2
-114.80498,50.88644,0,6,98,2170.7,4/9/2023,8:59:55 PM,1:56:49,2170.7
-114.805046,50.88653,0,6,99,2172.3,4/9/2023,9:00:08 PM,1:57:02,2172.3
-114.80511,50.88662,0,6,100,2173.5,4/9/2023,9:00:21 PM,1:57:15,2173.5
-114.80517,50.886703,0,6,101,2174.9,4/9/2023,9:00:32 PM,1:57:26,2174.9
-114.8052,50.8868,0,6,102,2176.2,4/9/2023,9:00:42 PM,1:57:36,2176.2
-114.805244,50.886887,0,6,103,2177.3,4/9/2023,9:00:52 PM,1:57:46,2177.3
-114.80525,50.88699,0,6,104,2178.3,4/9/2023,9:01:02 PM,1:57:56,2178.3
-114.805275,50.88708,0,6,105,2179.3,4/9/2023,9:01:14 PM,1:58:08,2179.3
-114.80536,50.887165,0,6,106,2180,4/9/2023,9:01:39 PM,1:58:33,2180
-114.80542,50.887245,0,6,107,2180.6,4/9/2023,9:01:48 PM,1:58:42,2180.6
-114.80547,50.88733,0,6,108,2181.3,4/9/2023,9:01:58 PM,1:58:52,2181.3
-114.80553,50.887417,0,6,109,2181.9,4/9/2023,9:02:07 PM,1:59:01,2181.9
-114.8056,50.887505,0,6,110,2182.5,4/9/2023,9:02:17 PM,1:59:11,2182.5
-114.805695,50.887585,0,6,111,2183.3,4/9/2023,9:02:26 PM,1:59:20,2183.3
-114.805786,50.887653,0,6,112,2183.8,4/9/2023,9:02:38 PM,1:59:32,2183.8
-114.80591,50.887707,0,6,113,2184.3,4/9/2023,9:02:47 PM,1:59:41,2184.3
-114.80601,50.887775,0,6,114,2184.7,4/9/2023,9:02:58 PM,1:59:52,2184.7
-114.806076,50.887863,0,6,115,2185.2,4/9/2023,9:03:09 PM,2:00:03,2185.2
-114.80614,50.88795,0,6,116,2185.6,4/9/2023,9:03:18 PM,2:00:12,2185.6
-114.80623,50.888027,0,6,117,2186.2,4/9/2023,9:03:28 PM,2:00:22,2186.2
-114.80626,50.888115,0,6,118,2186.5,4/9/2023,9:03:37 PM,2:00:31,2186.5
-114.806366,50.88818,0,6,119,2187,4/9/2023,9:03:46 PM,2:00:40,2187
-114.80646,50.888256,0,6,120,2187.5,4/9/2023,9:03:55 PM,2:00:49,2187.5
-114.806526,50.888332,0,6,121,2187.5,4/9/2023,9:04:04 PM,2:00:58,2187.5
-114.80649,50.88842,0,6,122,2187.5,4/9/2023,9:04:15 PM,2:01:09,2187.5
-114.80638,50.88849,0,6,123,2187.5,4/9/2023,9:04:25 PM,2:01:19,2187.5
-114.8065,50.88844,0,6,124,2187.6,4/9/2023,9:06:34 PM,2:03:28,2187.6
-114.80657,50.888355,0,6,125,2187.7,4/9/2023,9:06:58 PM,2:03:52,2187.7
-114.80645,50.88841,0,6,126,2187.6,4/9/2023,9:10:17 PM,2:07:11,2187.6
-114.8064,50.888493,0,6,127,2187.5,4/9/2023,9:12:48 PM,2:09:42,2187.5
-114.80642,50.888405,0,6,128,2187.4,4/9/2023,9:14:41 PM,2:11:35,2187.4
-114.8065,50.88833,0,6,129,2187.5,4/9/2023,9:14:54 PM,2:11:48,2187.5
-114.80652,50.888237,0,6,130,2187.2,4/9/2023,9:16:13 PM,2:13:07,2187.2
-114.80643,50.88816,0,6,131,2186.6,4/9/2023,9:16:24 PM,2:13:18,2186.6
-114.80635,50.888073,0,6,132,2186.3,4/9/2023,9:16:35 PM,2:13:29,2186.3
-114.80626,50.888004,0,6,133,2186,4/9/2023,9:16:45 PM,2:13:39,2186
-114.80613,50.887936,0,6,134,2185.7,4/9/2023,9:16:54 PM,2:13:48,2185.7
-114.80604,50.88786,0,6,135,2185.2,4/9/2023,9:17:04 PM,2:13:58,2185.2
-114.80597,50.887768,0,6,136,2184.7,4/9/2023,9:17:14 PM,2:14:08,2184.7
-114.8059,50.88768,0,6,137,2184.4,4/9/2023,9:17:21 PM,2:14:15,2184.4
-114.805824,50.8876,0,6,138,2183.9,4/9/2023,9:17:30 PM,2:14:24,2183.9
-114.80576,50.887512,0,6,139,2183.3,4/9/2023,9:17:38 PM,2:14:32,2183.3
-114.8057,50.887417,0,6,140,2182.5,4/9/2023,9:17:47 PM,2:14:41,2182.5
-114.80563,50.887337,0,6,141,2181.9,4/9/2023,9:17:57 PM,2:14:51,2181.9
-114.80554,50.887257,0,6,142,2181.4,4/9/2023,9:18:06 PM,2:15:00,2181.4
-114.80547,50.887177,0,6,143,2180.8,4/9/2023,9:18:15 PM,2:15:09,2180.8
-114.80535,50.887115,0,6,144,2180.2,4/9/2023,9:18:23 PM,2:15:17,2180.2
-114.80528,50.887035,0,6,145,2179.3,4/9/2023,9:18:32 PM,2:15:26,2179.3
-114.805214,50.886948,0,6,146,2178.3,4/9/2023,9:18:40 PM,2:15:34,2178.3
-114.80515,50.886864,0,6,147,2177.2,4/9/2023,9:18:48 PM,2:15:42,2177.2
-114.80508,50.886776,0,6,148,2175.9,4/9/2023,9:18:57 PM,2:15:51,2175.9
-114.80499,50.886696,0,6,149,2174.6,4/9/2023,9:19:08 PM,2:16:02,2174.6
-114.80489,50.886623,0,6,150,2173.4,4/9/2023,9:19:18 PM,2:16:12,2173.4
-114.80483,50.886536,0,6,151,2172,4/9/2023,9:19:27 PM,2:16:21,2172
-114.80476,50.88645,0,6,152,2170.5,4/9/2023,9:19:37 PM,2:16:31,2170.5
-114.8047,50.886364,0,6,153,2169,4/9/2023,9:19:46 PM,2:16:40,2169
-114.80466,50.886272,0,6,154,2167.2,4/9/2023,9:19:56 PM,2:16:50,2167.2
-114.80463,50.88618,0,6,155,2165.3,4/9/2023,9:20:17 PM,2:17:11,2165.3
-114.80466,50.88609,0,6,156,2163.3,4/9/2023,9:20:35 PM,2:17:29,2163.3
-114.804726,50.886005,0,6,157,2161.3,4/9/2023,9:20:49 PM,2:17:43,2161.3
-114.804726,50.88591,0,6,158,2159.2,4/9/2023,9:21:00 PM,2:17:54,2159.2
-114.80469,50.88582,0,6,159,2157.2,4/9/2023,9:21:11 PM,2:18:05,2157.2
-114.80463,50.88574,0,6,160,2155.1,4/9/2023,9:21:21 PM,2:18:15,2155.1
-114.80461,50.885647,0,6,161,2153.1,4/9/2023,9:21:30 PM,2:18:24,2153.1
-114.80464,50.88555,0,6,162,2151.1,4/9/2023,9:21:39 PM,2:18:33,2151.1
-114.80466,50.885456,0,6,163,2149.2,4/9/2023,9:21:50 PM,2:18:44,2149.2
-114.804695,50.885365,0,6,164,2147.2,4/9/2023,9:21:59 PM,2:18:53,2147.2
-114.804726,50.885273,0,6,165,2145.3,4/9/2023,9:22:09 PM,2:19:03,2145.3
-114.804756,50.885162,0,6,166,2143.3,4/9/2023,9:22:18 PM,2:19:12,2143.3
-114.80475,50.885063,0,6,167,2141.2,4/9/2023,9:22:23 PM,2:19:17,2141.2
-114.80476,50.884975,0,6,168,2139,4/9/2023,9:22:26 PM,2:19:20,2139
-114.8048,50.884872,0,6,169,2136.8,4/9/2023,9:22:30 PM,2:19:24,2136.8
-114.80482,50.884777,0,6,170,2134.5,4/9/2023,9:22:34 PM,2:19:28,2134.5
-114.8048,50.884686,0,6,171,2132.2,4/9/2023,9:22:38 PM,2:19:32,2132.2
-114.80479,50.884567,0,6,172,2129.8,4/9/2023,9:22:43 PM,2:19:37,2129.8
-114.8048,50.884468,0,6,173,2127.5,4/9/2023,9:22:47 PM,2:19:41,2127.5
-114.8048,50.88437,0,6,174,2125.2,4/9/2023,9:22:51 PM,2:19:45,2125.2
-114.80475,50.88428,0,6,175,2123,4/9/2023,9:22:55 PM,2:19:49,2123
-114.80474,50.884182,0,6,176,2120.9,4/9/2023,9:22:59 PM,2:19:53,2120.9
-114.8047,50.884087,0,6,177,2119.1,4/9/2023,9:23:03 PM,2:19:57,2119.1
-114.80466,50.883995,0,6,178,2117.5,4/9/2023,9:23:07 PM,2:20:01,2117.5
-114.80458,50.883915,0,6,179,2116.1,4/9/2023,9:23:11 PM,2:20:05,2116.1
-114.804535,50.883816,0,6,180,2114.7,4/9/2023,9:23:15 PM,2:20:09,2114.7
-114.80449,50.883724,0,6,181,2113.3,4/9/2023,9:23:19 PM,2:20:13,2113.3
-114.80444,50.883636,0,6,182,2111.9,4/9/2023,9:23:23 PM,2:20:17,2111.9
-114.80441,50.883537,0,6,183,2110.5,4/9/2023,9:23:27 PM,2:20:21,2110.5
-114.80439,50.883427,0,6,184,2109,4/9/2023,9:23:31 PM,2:20:25,2109
-114.80441,50.883316,0,6,185,2107.6,4/9/2023,9:23:36 PM,2:20:30,2107.6
-114.80438,50.88322,0,6,186,2106.3,4/9/2023,9:23:40 PM,2:20:34,2106.3
-114.80437,50.883114,0,6,187,2104.8,4/9/2023,9:23:44 PM,2:20:38,2104.8
-114.80427,50.883045,0,6,188,2103.2,4/9/2023,9:23:52 PM,2:20:46,2103.2
-114.80435,50.88297,0,6,189,2101.5,4/9/2023,9:26:32 PM,2:23:26,2101.5
-114.80434,50.882877,0,6,190,2099.9,4/9/2023,9:26:39 PM,2:23:33,2099.9
-114.8043,50.882782,0,6,191,2098.2,4/9/2023,9:26:48 PM,2:23:42,2098.2
-114.80428,50.882683,0,6,192,2096.5,4/9/2023,9:26:55 PM,2:23:49,2096.5
-114.80426,50.882587,0,6,193,2094.9,4/9/2023,9:27:02 PM,2:23:56,2094.9
-114.804245,50.8825,0,6,194,2093.3,4/9/2023,9:27:09 PM,2:24:03,2093.3
-114.80422,50.882397,0,6,195,2091.5,4/9/2023,9:27:17 PM,2:24:11,2091.5
-114.80424,50.882305,0,6,196,2089.8,4/9/2023,9:27:25 PM,2:24:19,2089.8
-114.80424,50.882206,0,6,197,2088.3,4/9/2023,9:27:33 PM,2:24:27,2088.3
-114.80427,50.88211,0,6,198,2086.8,4/9/2023,9:27:41 PM,2:24:35,2086.8
-114.80428,50.882015,0,6,199,2085.5,4/9/2023,9:27:49 PM,2:24:43,2085.5
-114.80427,50.881916,0,6,200,2084,4/9/2023,9:27:58 PM,2:24:52,2084
-114.804245,50.88183,0,6,201,2082.5,4/9/2023,9:28:38 PM,2:25:32,2082.5
-114.8041,50.88181,0,6,202,2080.7,4/9/2023,9:29:20 PM,2:26:14,2080.7
-114.80406,50.88172,0,6,203,2078.7,4/9/2023,9:29:53 PM,2:26:47,2078.7
-114.80396,50.881645,0,6,204,2076.6,4/9/2023,9:30:09 PM,2:27:03,2076.6
-114.803825,50.88161,0,6,205,2074.3,4/9/2023,9:30:25 PM,2:27:19,2074.3
-114.80368,50.881573,0,6,206,2071.8,4/9/2023,9:30:42 PM,2:27:36,2071.8
-114.80354,50.88154,0,6,207,2069.3,4/9/2023,9:30:59 PM,2:27:53,2069.3
-114.80339,50.88149,0,6,208,2066.5,4/9/2023,9:31:16 PM,2:28:10,2066.5
-114.803246,50.88151,0,6,209,2063.4,4/9/2023,9:31:32 PM,2:28:26,2063.4
-114.80309,50.881477,0,6,210,2060.2,4/9/2023,9:31:56 PM,2:28:50,2060.2
-114.802956,50.8815,0,6,211,2056.7,4/9/2023,9:32:23 PM,2:29:17,2056.7
-114.802826,50.881546,0,6,212,2052.9,4/9/2023,9:32:34 PM,2:29:28,2052.9
-114.80272,50.88161,0,6,213,2048.9,4/9/2023,9:32:58 PM,2:29:52,2048.9
-114.80262,50.881546,0,6,214,2045,4/9/2023,9:33:39 PM,2:30:33,2045
-114.8025,50.881596,0,6,215,2041.1,4/9/2023,9:34:09 PM,2:31:03,2041.1
-114.80235,50.881603,0,6,216,2037.2,4/9/2023,9:35:41 PM,2:32:35,2037.2
-114.80224,50.88155,0,6,217,2033.2,4/9/2023,9:37:00 PM,2:33:54,2033.2
-114.80215,50.88148,0,6,218,2028.8,4/9/2023,9:37:30 PM,2:34:24,2028.8
-114.801994,50.881466,0,6,219,2024.1,4/9/2023,9:37:54 PM,2:34:48,2024.1
-114.80185,50.881474,0,6,220,2019.5,4/9/2023,9:38:18 PM,2:35:12,2019.5
-114.80171,50.881443,0,6,221,2014.5,4/9/2023,9:38:56 PM,2:35:50,2014.5
-114.80162,50.88137,0,6,222,2009.5,4/9/2023,9:40:11 PM,2:37:05,2009.5
-114.80152,50.8813,0,6,223,2004.9,4/9/2023,9:40:35 PM,2:37:29,2004.9
-114.8014,50.881245,0,6,224,2000.4,4/9/2023,9:41:03 PM,2:37:57,2000.4
-114.80132,50.881165,0,6,225,1995.9,4/9/2023,9:41:23 PM,2:38:17,1995.9
-114.80119,50.881115,0,6,226,1991.4,4/9/2023,9:41:38 PM,2:38:32,1991.4
-114.80107,50.88107,0,6,227,1987,4/9/2023,9:41:57 PM,2:38:51,1987
-114.80094,50.88102,0,6,228,1982.8,4/9/2023,9:42:53 PM,2:39:47,1982.8
-114.800804,50.880962,0,6,229,1979,4/9/2023,9:43:04 PM,2:39:58,1979
-114.800644,50.88096,0,6,230,1975.4,4/9/2023,9:43:08 PM,2:40:02,1975.4
-114.80053,50.8809,0,6,231,1972,4/9/2023,9:43:12 PM,2:40:06,1972
-114.8004,50.880844,0,6,232,1968.8,4/9/2023,9:43:17 PM,2:40:11,1968.8
-114.8004,50.880753,0,6,233,1965.7,4/9/2023,9:43:32 PM,2:40:26,1965.7
-114.80027,50.8807,0,6,234,1962.8,4/9/2023,9:43:43 PM,2:40:37,1962.8
-114.80013,50.880653,0,6,235,1960.3,4/9/2023,9:43:53 PM,2:40:47,1960.3
-114.80004,50.880577,0,6,236,1957.7,4/9/2023,9:44:03 PM,2:40:57,1957.7
-114.79995,50.880497,0,6,237,1955.2,4/9/2023,9:44:12 PM,2:41:06,1955.2
-114.79987,50.880413,0,6,238,1952.5,4/9/2023,9:44:21 PM,2:41:15,1952.5
-114.79972,50.88038,0,6,239,1949.5,4/9/2023,9:44:31 PM,2:41:25,1949.5
-114.79962,50.880314,0,6,240,1946.2,4/9/2023,9:44:54 PM,2:41:48,1946.2
-114.79955,50.88023,0,6,241,1943,4/9/2023,9:45:15 PM,2:42:09,1943
-114.79949,50.88014,0,6,242,1940,4/9/2023,9:45:31 PM,2:42:25,1940
-114.79945,50.88005,0,6,243,1937,4/9/2023,9:45:41 PM,2:42:35,1937
-114.79941,50.87996,0,6,244,1934,4/9/2023,9:45:50 PM,2:42:44,1934
-114.79938,50.87987,0,6,245,1930.8,4/9/2023,9:46:12 PM,2:43:06,1930.8
-114.79923,50.879837,0,6,246,1927.4,4/9/2023,9:46:52 PM,2:43:46,1927.4
-114.79907,50.879837,0,6,247,1923.8,4/9/2023,9:47:06 PM,2:44:00,1923.8
-114.79896,50.879772,0,6,248,1920.3,4/9/2023,9:47:27 PM,2:44:21,1920.3
-114.798874,50.879692,0,6,249,1916.8,4/9/2023,9:47:54 PM,2:44:48,1916.8
-114.798744,50.87964,0,6,250,1913.3,4/9/2023,9:48:22 PM,2:45:16,1913.3
-114.79861,50.87958,0,6,251,1910,4/9/2023,9:48:37 PM,2:45:31,1910
-114.79855,50.879498,0,6,252,1906.9,4/9/2023,9:49:39 PM,2:46:33,1906.9
-114.79854,50.879402,0,6,253,1903.5,4/9/2023,9:50:01 PM,2:46:55,1903.5
-114.79839,50.879364,0,6,254,1900.1,4/9/2023,9:50:19 PM,2:47:13,1900.1
-114.79831,50.879284,0,6,255,1896.6,4/9/2023,9:50:44 PM,2:47:38,1896.6
-114.79817,50.879276,0,6,256,1893.1,4/9/2023,9:51:33 PM,2:48:27,1893.1
-114.798035,50.87931,0,6,257,1889.5,4/9/2023,9:51:53 PM,2:48:47,1889.5
-114.79789,50.87928,0,6,258,1885.9,4/9/2023,9:52:20 PM,2:49:14,1885.9
-114.797745,50.879272,0,6,259,1882.5,4/9/2023,9:52:35 PM,2:49:29,1882.5
-114.79758,50.87928,0,6,260,1878.9,4/9/2023,9:52:46 PM,2:49:40,1878.9
-114.79748,50.879208,0,6,261,1875.5,4/9/2023,9:53:10 PM,2:50:04,1875.5
-114.79734,50.879173,0,6,262,1872,4/9/2023,9:53:25 PM,2:50:19,1872
-114.79728,50.879093,0,6,263,1868.2,4/9/2023,9:53:34 PM,2:50:28,1868.2
-114.79713,50.879128,0,6,264,1864.4,4/9/2023,9:53:41 PM,2:50:35,1864.4
-114.79699,50.879086,0,6,265,1860.5,4/9/2023,9:53:51 PM,2:50:45,1860.5
-114.79687,50.879036,0,6,266,1856.5,4/9/2023,9:54:01 PM,2:50:55,1856.5
-114.79671,50.879032,0,6,267,1852.7,4/9/2023,9:54:11 PM,2:51:05,1852.7
-114.796585,50.878986,0,6,268,1848.9,4/9/2023,9:54:22 PM,2:51:16,1848.9
-114.79644,50.87898,0,6,269,1845.2,4/9/2023,9:54:34 PM,2:51:28,1845.2
-114.796295,50.879,0,6,270,1841.2,4/9/2023,9:54:44 PM,2:51:38,1841.2
-114.79616,50.878983,0,6,271,1837.4,4/9/2023,9:54:51 PM,2:51:45,1837.4
-114.796074,50.878906,0,6,272,1833.5,4/9/2023,9:54:59 PM,2:51:53,1833.5
-114.79592,50.878883,0,6,273,1829.9,4/9/2023,9:55:10 PM,2:52:04,1829.9
-114.79581,50.878826,0,6,274,1826.3,4/9/2023,9:55:17 PM,2:52:11,1826.3
-114.79568,50.878777,0,6,275,1822.7,4/9/2023,9:55:26 PM,2:52:20,1822.7
-114.79554,50.87875,0,6,276,1819.2,4/9/2023,9:55:35 PM,2:52:29,1819.2
-114.795395,50.878723,0,6,277,1816,4/9/2023,9:55:43 PM,2:52:37,1816
-114.79525,50.87874,0,6,278,1814.2,4/9/2023,9:55:51 PM,2:52:45,1814.2
-114.795074,50.878742,0,6,279,1812.4,4/9/2023,9:56:00 PM,2:52:54,1812.4
-114.79493,50.878735,0,6,280,1810.8,4/9/2023,9:56:11 PM,2:53:05,1810.8
-114.794785,50.878746,0,6,281,1809.3,4/9/2023,9:56:19 PM,2:53:13,1809.3
-114.79477,50.878757,0,6,282,1807.8,4/9/2023,9:56:22 PM,2:53:16,1807.8
-114.79294,50.877712,0,7,0,1746,4/9/2023,10:04:15 PM,3:01:09,1746
-114.79295,50.877647,0,7,1,1744.9,4/9/2023,10:04:39 PM,3:01:33,1744.9
-114.79287,50.877563,0,7,2,1743.8,4/9/2023,10:04:54 PM,3:01:48,1743.8
-114.792755,50.877502,0,7,3,1742.7,4/9/2023,10:05:08 PM,3:02:02,1742.7
-114.79268,50.877422,0,7,4,1741.7,4/9/2023,10:05:20 PM,3:02:14,1741.7
-114.79254,50.877384,0,7,5,1740.8,4/9/2023,10:05:30 PM,3:02:24,1740.8
-114.79253,50.877277,0,7,6,1738.9,4/9/2023,10:05:45 PM,3:02:39,1738.9
-114.79252,50.877186,0,7,7,1736.9,4/9/2023,10:05:53 PM,3:02:47,1736.9
-114.792496,50.877094,0,7,8,1734.9,4/9/2023,10:06:03 PM,3:02:57,1734.9
-114.79243,50.877014,0,7,9,1732.9,4/9/2023,10:06:13 PM,3:03:07,1732.9
-114.792336,50.876945,0,7,10,1730.9,4/9/2023,10:06:22 PM,3:03:16,1730.9
-114.79228,50.876858,0,7,11,1728.9,4/9/2023,10:06:34 PM,3:03:28,1728.9
-114.79218,50.87678,0,7,12,1727.1,4/9/2023,10:06:44 PM,3:03:38,1727.1
-114.79213,50.876694,0,7,13,1725.4,4/9/2023,10:06:52 PM,3:03:46,1725.4
-114.79204,50.876614,0,7,14,1723.7,4/9/2023,10:07:01 PM,3:03:55,1723.7
-114.791885,50.87657,0,7,15,1722.1,4/9/2023,10:07:09 PM,3:04:03,1722.1
-114.791885,50.87648,0,7,16,1720.5,4/9/2023,10:07:17 PM,3:04:11,1720.5
-114.79187,50.876385,0,7,17,1718.8,4/9/2023,10:07:28 PM,3:04:22,1718.8
-114.791855,50.876293,0,7,18,1717.2,4/9/2023,10:07:37 PM,3:04:31,1717.2
-114.79182,50.876205,0,7,19,1715.7,4/9/2023,10:07:47 PM,3:04:41,1715.7
-114.79179,50.87611,0,7,20,1714.4,4/9/2023,10:07:56 PM,3:04:50,1714.4
-114.7917,50.876034,0,7,21,1713.2,4/9/2023,10:08:03 PM,3:04:57,1713.2
-114.791595,50.87596,0,7,22,1711.9,4/9/2023,10:08:11 PM,3:05:05,1711.9
-114.79156,50.875874,0,7,23,1710.5,4/9/2023,10:08:18 PM,3:05:12,1710.5
-114.791565,50.875782,0,7,24,1709.2,4/9/2023,10:08:26 PM,3:05:20,1709.2
-114.79159,50.87569,0,7,25,1707.6,4/9/2023,10:08:34 PM,3:05:28,1707.6
-114.79153,50.87559,0,7,26,1706,4/9/2023,10:08:42 PM,3:05:36,1706
-114.79145,50.8755,0,7,27,1704.3,4/9/2023,10:08:52 PM,3:05:46,1704.3
-114.7914,50.87541,0,7,28,1702.5,4/9/2023,10:09:00 PM,3:05:54,1702.5
-114.79138,50.87531,0,7,29,1700.5,4/9/2023,10:09:09 PM,3:06:03,1700.5
-114.791336,50.875202,0,7,30,1698.5,4/9/2023,10:09:17 PM,3:06:11,1698.5
-114.79131,50.875103,0,7,31,1696.5,4/9/2023,10:09:26 PM,3:06:20,1696.5
-114.791336,50.87501,0,7,32,1694.4,4/9/2023,10:09:33 PM,3:06:27,1694.4
-114.79137,50.874912,0,7,33,1692.4,4/9/2023,10:09:40 PM,3:06:34,1692.4
-114.79134,50.874817,0,7,34,1690.5,4/9/2023,10:09:47 PM,3:06:41,1690.5
-114.79129,50.87472,0,7,35,1688.6,4/9/2023,10:09:54 PM,3:06:48,1688.6
-114.79133,50.874622,0,7,36,1686.9,4/9/2023,10:10:01 PM,3:06:55,1686.9
-114.79127,50.874535,0,7,37,1685.3,4/9/2023,10:10:09 PM,3:07:03,1685.3
-114.79121,50.874443,0,7,38,1683.6,4/9/2023,10:10:17 PM,3:07:11,1683.6
-114.791115,50.87437,0,7,39,1682.1,4/9/2023,10:10:24 PM,3:07:18,1682.1
-114.79106,50.874283,0,7,40,1680.6,4/9/2023,10:10:31 PM,3:07:25,1680.6
-114.79099,50.874195,0,7,41,1679.3,4/9/2023,10:10:40 PM,3:07:34,1679.3
-114.7909,50.87412,0,7,42,1677.8,4/9/2023,10:10:48 PM,3:07:42,1677.8
-114.79083,50.874035,0,7,43,1676.2,4/9/2023,10:11:01 PM,3:07:55,1676.2
-114.790794,50.873947,0,7,44,1674.5,4/9/2023,10:11:11 PM,3:08:05,1674.5
-114.79076,50.87386,0,7,45,1672.8,4/9/2023,10:11:24 PM,3:08:18,1672.8
-114.79063,50.873814,0,7,46,1671.1,4/9/2023,10:11:34 PM,3:08:28,1671.1
-114.79058,50.873726,0,7,47,1669.3,4/9/2023,10:11:45 PM,3:08:39,1669.3
-114.79059,50.87363,0,7,48,1667.4,4/9/2023,10:11:55 PM,3:08:49,1667.4
-114.790535,50.873535,0,7,49,1665.5,4/9/2023,10:12:05 PM,3:08:59,1665.5
-114.790474,50.873447,0,7,50,1663.7,4/9/2023,10:12:16 PM,3:09:10,1663.7
-114.79047,50.873356,0,7,51,1662.2,4/9/2023,10:12:25 PM,3:09:19,1662.2
-114.79041,50.87327,0,7,52,1660.5,4/9/2023,10:12:34 PM,3:09:28,1660.5
-114.79034,50.87318,0,7,53,1659.2,4/9/2023,10:12:43 PM,3:09:37,1659.2
-114.790306,50.873085,0,7,54,1657.8,4/9/2023,10:12:51 PM,3:09:45,1657.8
-114.7902,50.873024,0,7,55,1656.4,4/9/2023,10:13:00 PM,3:09:54,1656.4
-114.79011,50.87295,0,7,56,1654.9,4/9/2023,10:13:12 PM,3:10:06,1654.9
-114.79008,50.872864,0,7,57,1653.5,4/9/2023,10:13:22 PM,3:10:16,1653.5
-114.79,50.872784,0,7,58,1652.3,4/9/2023,10:13:31 PM,3:10:25,1652.3
-114.78992,50.8727,0,7,59,1651.3,4/9/2023,10:13:42 PM,3:10:36,1651.3
-114.78983,50.872627,0,7,60,1650.5,4/9/2023,10:13:51 PM,3:10:45,1650.5
-114.78977,50.87254,0,7,61,1649.5,4/9/2023,10:14:01 PM,3:10:55,1649.5
-114.789665,50.87247,0,7,62,1648.4,4/9/2023,10:14:10 PM,3:11:04,1648.4
-114.789604,50.872387,0,7,63,1647.2,4/9/2023,10:14:18 PM,3:11:12,1647.2
-114.78951,50.87231,0,7,64,1645.9,4/9/2023,10:14:28 PM,3:11:22,1645.9
-114.78944,50.87223,0,7,65,1644.6,4/9/2023,10:14:39 PM,3:11:33,1644.6
-114.78936,50.87215,0,7,66,1643.5,4/9/2023,10:14:48 PM,3:11:42,1643.5
-114.78931,50.87206,0,7,67,1642.2,4/9/2023,10:14:58 PM,3:11:52,1642.2
-114.789215,50.87198,0,7,68,1640.7,4/9/2023,10:15:07 PM,3:12:01,1640.7
-114.789116,50.871906,0,7,69,1639.1,4/9/2023,10:15:17 PM,3:12:11,1639.1
-114.78905,50.871826,0,7,70,1637.1,4/9/2023,10:15:28 PM,3:12:22,1637.1
-114.78894,50.871754,0,7,71,1634.9,4/9/2023,10:15:40 PM,3:12:34,1634.9
-114.788826,50.87169,0,7,72,1632.9,4/9/2023,10:15:51 PM,3:12:45,1632.9
-114.78874,50.871613,0,7,73,1630.8,4/9/2023,10:16:02 PM,3:12:56,1630.8
-114.78862,50.871563,0,7,74,1628.7,4/9/2023,10:16:15 PM,3:13:09,1628.7
-114.78857,50.871468,0,7,75,1626.6,4/9/2023,10:16:28 PM,3:13:22,1626.6
-114.78845,50.871403,0,7,76,1624.6,4/9/2023,10:16:42 PM,3:13:36,1624.6
-114.78833,50.871346,0,7,77,1622.5,4/9/2023,10:16:53 PM,3:13:47,1622.5
-114.78824,50.871273,0,7,78,1620.5,4/9/2023,10:17:06 PM,3:14:00,1620.5
-114.788155,50.871193,0,7,79,1618.9,4/9/2023,10:17:15 PM,3:14:09,1618.9
-114.788086,50.871105,0,7,80,1617.5,4/9/2023,10:17:26 PM,3:14:20,1617.5
-114.788,50.87102,0,7,81,1616.1,4/9/2023,10:17:35 PM,3:14:29,1616.1
-114.787964,50.870934,0,7,82,1614.8,4/9/2023,10:17:46 PM,3:14:40,1614.8
-114.7879,50.87085,0,7,83,1613.5,4/9/2023,10:17:56 PM,3:14:50,1613.5
-114.787796,50.87079,0,7,84,1612.2,4/9/2023,10:18:07 PM,3:15:01,1612.2
-114.787704,50.870716,0,7,85,1610.8,4/9/2023,10:18:18 PM,3:15:12,1610.8
-114.78766,50.870617,0,7,86,1609.5,4/9/2023,10:18:29 PM,3:15:23,1609.5
-114.787544,50.870552,0,7,87,1608.3,4/9/2023,10:18:39 PM,3:15:33,1608.3
-114.787506,50.870457,0,7,88,1606.9,4/9/2023,10:18:50 PM,3:15:44,1606.9
-114.78745,50.87037,0,7,89,1605.6,4/9/2023,10:18:58 PM,3:15:52,1605.6
-114.78745,50.870274,0,7,90,1604.4,4/9/2023,10:19:08 PM,3:16:02,1604.4
-114.787384,50.870193,0,7,91,1603.1,4/9/2023,10:19:17 PM,3:16:11,1603.1
-114.78729,50.87012,0,7,92,1601.8,4/9/2023,10:19:27 PM,3:16:21,1601.8
-114.78729,50.870026,0,7,93,1600.4,4/9/2023,10:19:37 PM,3:16:31,1600.4
-114.787254,50.86993,0,7,94,1598.9,4/9/2023,10:19:47 PM,3:16:41,1598.9
-114.787186,50.869843,0,7,95,1597.4,4/9/2023,10:19:57 PM,3:16:51,1597.4
-114.78712,50.869747,0,7,96,1595.9,4/9/2023,10:20:06 PM,3:17:00,1595.9
-114.787125,50.869656,0,7,97,1594.3,4/9/2023,10:20:18 PM,3:17:12,1594.3
-114.787186,50.86957,0,7,98,1592.5,4/9/2023,10:20:28 PM,3:17:22,1592.5
-114.787125,50.869484,0,7,99,1591.2,4/9/2023,10:20:38 PM,3:17:32,1591.2
-114.78712,50.869392,0,7,100,1589.8,4/9/2023,10:20:49 PM,3:17:43,1589.8
-114.78708,50.869293,0,7,101,1588.5,4/9/2023,10:21:00 PM,3:17:54,1588.5
-114.78707,50.86919,0,7,102,1587.2,4/9/2023,10:21:11 PM,3:18:05,1587.2
-114.78702,50.8691,0,7,103,1585.8,4/9/2023,10:21:23 PM,3:18:17,1585.8
-114.786964,50.86902,0,7,104,1584.4,4/9/2023,10:21:33 PM,3:18:27,1584.4
-114.78689,50.86894,0,7,105,1582.6,4/9/2023,10:21:41 PM,3:18:35,1582.6
-114.78678,50.868874,0,7,106,1580.9,4/9/2023,10:21:51 PM,3:18:45,1580.9
-114.78667,50.868816,0,7,107,1579.2,4/9/2023,10:22:03 PM,3:18:57,1579.2
-114.78667,50.868725,0,7,108,1577.5,4/9/2023,10:22:14 PM,3:19:08,1577.5
-114.78666,50.868633,0,7,109,1575.6,4/9/2023,10:22:24 PM,3:19:18,1575.6
-114.786736,50.86855,0,7,110,1573.5,4/9/2023,10:22:42 PM,3:19:36,1573.5
-114.78685,50.868496,0,7,111,1571,4/9/2023,10:22:55 PM,3:19:49,1571
-114.78699,50.868454,0,7,112,1567.9,4/9/2023,10:23:13 PM,3:20:07,1567.9
-114.787094,50.86839,0,7,113,1564.5,4/9/2023,10:23:31 PM,3:20:25,1564.5
-114.78714,50.8683,0,7,114,1561.2,4/9/2023,10:23:46 PM,3:20:40,1561.2
-114.78725,50.86824,0,7,115,1557.6,4/9/2023,10:24:07 PM,3:21:01,1557.6
-114.787384,50.86823,0,7,116,1554.5,4/9/2023,10:24:32 PM,3:21:26,1554.5
-114.787476,50.868145,0,7,117,1551.5,4/9/2023,10:24:44 PM,3:21:38,1551.5
-114.78745,50.868053,0,7,118,1548.6,4/9/2023,10:24:56 PM,3:21:50,1548.6
-114.78743,50.867966,0,7,119,1546,4/9/2023,10:25:11 PM,3:22:05,1546
-114.7875,50.86788,0,7,120,1543.5,4/9/2023,10:25:29 PM,3:22:23,1543.5
-114.78738,50.867813,0,7,121,1541.2,4/9/2023,10:25:46 PM,3:22:40,1541.2
-114.78724,50.867786,0,7,122,1538.8,4/9/2023,10:25:56 PM,3:22:50,1538.8
-114.78709,50.86779,0,7,123,1536.9,4/9/2023,10:26:09 PM,3:23:03,1536.9
-114.786934,50.8678,0,7,124,1535.1,4/9/2023,10:26:25 PM,3:23:19,1535.1
-114.7868,50.867813,0,7,125,1533.3,4/9/2023,10:26:50 PM,3:23:44,1533.3
-114.78665,50.867798,0,7,126,1531.9,4/9/2023,10:27:13 PM,3:24:07,1531.9
-114.7865,50.867798,0,7,127,1530.5,4/9/2023,10:27:26 PM,3:24:20,1530.5
-114.78662,50.867737,0,7,128,1529.2,4/9/2023,10:27:58 PM,3:24:52,1529.2
-114.78673,50.867672,0,7,129,1527.7,4/9/2023,10:28:07 PM,3:25:01,1527.7
-114.78683,50.867596,0,7,130,1526.1,4/9/2023,10:28:16 PM,3:25:10,1526.1
-114.78696,50.867558,0,7,131,1524.3,4/9/2023,10:28:25 PM,3:25:19,1524.3
-114.78709,50.867504,0,7,132,1522.4,4/9/2023,10:28:33 PM,3:25:27,1522.4
-114.78721,50.867447,0,7,133,1520.6,4/9/2023,10:28:41 PM,3:25:35,1520.6
-114.787346,50.867397,0,7,134,1519,4/9/2023,10:28:50 PM,3:25:44,1519
-114.78733,50.867306,0,7,135,1517.5,4/9/2023,10:29:33 PM,3:26:27,1517.5
-114.78719,50.867275,0,7,136,1516.5,4/9/2023,10:29:50 PM,3:26:44,1516.5
-114.78708,50.867203,0,7,137,1515.3,4/9/2023,10:30:04 PM,3:26:58,1515.3
-114.786934,50.86723,0,7,138,1514.1,4/9/2023,10:30:12 PM,3:27:06,1514.1
-114.7868,50.867283,0,7,139,1512.9,4/9/2023,10:30:25 PM,3:27:19,1512.9
-114.78668,50.867336,0,7,140,1511.8,4/9/2023,10:30:33 PM,3:27:27,1511.8
-114.78655,50.867393,0,7,141,1511,4/9/2023,10:30:41 PM,3:27:35,1511
-114.78642,50.867435,0,7,142,1510.3,4/9/2023,10:30:48 PM,3:27:42,1510.3
-114.786285,50.86747,0,7,143,1509.8,4/9/2023,10:30:55 PM,3:27:49,1509.8
-114.78613,50.867508,0,7,144,1509.5,4/9/2023,10:31:03 PM,3:27:57,1509.5
-114.786,50.867542,0,7,145,1509.4,4/9/2023,10:31:10 PM,3:28:04,1509.4
-114.78586,50.867573,0,7,146,1509.1,4/9/2023,10:31:17 PM,3:28:11,1509.1
-114.7857,50.8676,0,7,147,1508.6,4/9/2023,10:31:25 PM,3:28:19,1508.6
-114.78556,50.867622,0,7,148,1508.2,4/9/2023,10:31:33 PM,3:28:27,1508.2
-114.78543,50.86767,0,7,149,1507.6,4/9/2023,10:31:42 PM,3:28:36,1507.6
-114.78528,50.867706,0,7,150,1507,4/9/2023,10:31:51 PM,3:28:45,1507
-114.785126,50.86771,0,7,151,1506.2,4/9/2023,10:31:59 PM,3:28:53,1506.2
-114.78496,50.86771,0,7,152,1505.3,4/9/2023,10:32:07 PM,3:29:01,1505.3
-114.784805,50.867718,0,7,153,1504.5,4/9/2023,10:32:15 PM,3:29:09,1504.5
-114.78464,50.8677,0,7,154,1503.6,4/9/2023,10:32:24 PM,3:29:18,1503.6
-114.7845,50.86765,0,7,155,1502.7,4/9/2023,10:32:33 PM,3:29:27,1502.7
-114.78438,50.86758,0,7,156,1501.7,4/9/2023,10:32:42 PM,3:29:36,1501.7
-114.784256,50.867527,0,7,157,1500.8,4/9/2023,10:32:50 PM,3:29:44,1500.8
-114.7841,50.86749,0,7,158,1500.1,4/9/2023,10:32:58 PM,3:29:52,1500.1
-114.783966,50.86746,0,7,159,1499.5,4/9/2023,10:33:05 PM,3:29:59,1499.5
-114.78381,50.867466,0,7,160,1499,4/9/2023,10:33:12 PM,3:30:06,1499
-114.78364,50.867477,0,7,161,1498.7,4/9/2023,10:33:20 PM,3:30:14,1498.7
-114.78349,50.86748,0,7,162,1498.5,4/9/2023,10:33:28 PM,3:30:22,1498.5
-114.78334,50.86749,0,7,163,1498.4,4/9/2023,10:33:36 PM,3:30:30,1498.4
-114.783295,50.867523,0,7,164,1498.3,4/9/2023,10:37:22 PM,3:34:16,1498.3
